true_count,bet,Q-Value
player_points,dealer_upcard,"[54.41784012606766, 18.46638670943154, 19.465376075949717, 21.614020114163427, 25.251032943313906, 28.68344726408851, 32.226117597120435, 27.940590201353267, 32.2327273127021, 43.09895820499923, 42.370250021615156, 38.792259937983175, 45.007679018595276, 42.68498418745289, 39.60214913590683, 46.33537718033852, 42.54930808645599, 47.195789438517316, 57.6039831938319, 47.967596284929684, 59.90146377264406]"
true_count,current_bet,"[0.1, 0.1, 0.1, 0.1, 0.1, 0.1, 0.1, 0.1, 0.1, 0.1, 0.1, 0.1, 0.1, 0.1, 0.1, 0.1, 0.1, 0.1, 0.1, 0.1, 0.1]"
