true_count,bet,Q-Value
player_points,dealer_upcard,"[286.5446591066047, 189.7235407116494, 171.7522821963021, 214.5279843052875, 214.8645103549048, 199.38188521201366, 213.88320410741832, 206.5032259608819, 256.5837621974905, 253.02767770294443, 183.6508279507807, 235.14956438710882, 167.47022088920414, 277.27778732590303, 265.4210637821715, 270.19777602892657, 317.82384189680226, 291.0268168868538, 230.31464418962258, 180.69563132167988, 236.77096808223584]"
true_count,current_bet,"[0.1, 0.1, 0.1, 0.1, 0.1, 0.1, 0.1, 0.1, 0.1, 0.1, 0.1, 0.1, 0.1, 0.1, 0.1, 0.1, 0.1, 0.1, 0.1, 0.1, 0.1]"
