true_count,bet,Q-Value
player_points,dealer_upcard,"[439.119599974317, 414.3079880521466, 396.8249410203141, 419.2956624812504, 418.93770342925313, 416.28773355887466, 426.34996368572945, 420.54382964479356, 446.285821948666, 437.509378426701, 437.8071583791218, 452.5195795316003, 472.2242987913925, 459.524843263301, 460.817824738924, 466.4961198928859, 462.56296347896756, 464.7715486248232, 480.358490802892, 485.9655137361657, 487.35097156407994]"
true_count,current_bet,"[0.1, 0.1, 0.1, 0.1, 0.1, 0.1, 0.1, 0.1, 0.1, 0.1, 0.1, 0.1, 0.1, 0.1, 0.1, 0.1, 0.1, 0.1, 0.1, 0.1, 0.1]"
